JobID,real_start_time,real_end_time,simulate_start_time,simulate_end_time
application_1546092475409_0002,4250,0,1546092493526,1546092503558
application_1546092475409_0003,6750,0,1546092496024,1546092504026
application_1546092475409_0002,4250,0,1546092493526,1546092504533
application_1546092475409_0003,6750,0,1546092496024,1546092505025
application_1546092475409_0001,3000,0,1546092492275,1546092506277
application_1546092475409_0001,3000,0,1546092492275,1546092507276
application_1546092475409_0004,9750,0,1546092499025,1546092515026
application_1546092475409_0004,9750,0,1546092499025,1546092516028
application_1546092475409_0007,23500,0,1546092512774,1546092529775
application_1546092475409_0007,23500,0,1546092512774,1546092530777
application_1546092475409_0006,21750,0,1546092511024,1546092532026
application_1546092475409_0006,21750,0,1546092511024,1546092533025
application_1546092475409_0009,30000,0,1546092519274,1546092539277
application_1546092475409_0009,30000,0,1546092519274,1546092540279
application_1546092475409_0008,23500,0,1546092512775,1546092542774
application_1546092475409_0008,23500,0,1546092512775,1546092543777
application_1546092475409_0010,36250,0,1546092525525,1546092551525
application_1546092475409_0010,36250,0,1546092525525,1546092552528
application_1546092475409_0012,39000,0,1546092528274,1546092559275
application_1546092475409_0012,39000,0,1546092528274,1546092560276
application_1546092475409_0013,47250,0,1546092536526,1546092565558
application_1546092475409_0013,47250,0,1546092536526,1546092566527
application_1546092475409_0011,36750,0,1546092526025,1546092580026
application_1546092475409_0014,49750,0,1546092539026,1546092581026
application_1546092475409_0011,36750,0,1546092526025,1546092581026
application_1546092475409_0014,49750,0,1546092539026,1546092582026
application_1546092475409_0015,51750,0,1546092541025,1546092590026
application_1546092475409_0015,51750,0,1546092541025,1546092591027
application_1546092475409_0016,57000,0,1546092546275,1546092599275
application_1546092475409_0016,57000,0,1546092546275,1546092600276
application_1546092475409_0017,57750,0,1546092547026,1546092601028
application_1546092475409_0017,57750,0,1546092547026,1546092602029
application_1546092475409_0005,11250,0,1546092500524,1546092606527
application_1546092475409_0005,11250,0,1546092500524,1546092607528
application_1546092475409_0019,66250,0,1546092555525,1546092609525
application_1546092475409_0019,66250,0,1546092555525,1546092610527
application_1546092475409_0020,66750,0,1546092556025,1546092614025
application_1546092475409_0018,63750,0,1546092553027,1546092614025
application_1546092475409_0018,63750,0,1546092553027,1546092615026
application_1546092475409_0020,66750,0,1546092556025,1546092615027
application_1546092475409_0021,72250,0,1546092561527,1546092618525
application_1546092475409_0021,72250,0,1546092561527,1546092619525
application_1546092475409_0023,77500,0,1546092566774,1546092621776
application_1546092475409_0022,77000,0,1546092566275,1546092622275
application_1546092475409_0023,77500,0,1546092566774,1546092622776
application_1546092475409_0022,77000,0,1546092566275,1546092623277
application_1546092475409_0026,84250,0,1546092573525,1546092632525
application_1546092475409_0026,84250,0,1546092573525,1546092633532
application_1546092475409_0025,78750,0,1546092568025,1546092722026
application_1546092475409_0025,78750,0,1546092568025,1546092723027
application_1546092475409_0028,87250,0,1546092576527,1546092727525
application_1546092475409_0028,87250,0,1546092576527,1546092728528
application_1546092475409_0029,88750,0,1546092578024,1546092735025
application_1546092475409_0029,88750,0,1546092578024,1546092736026
application_1546092475409_0030,90000,0,1546092579276,1546092744275
application_1546092475409_0030,90000,0,1546092579276,1546092745276
application_1546092475409_0031,91250,0,1546092580524,1546092758525
application_1546092475409_0031,91250,0,1546092580524,1546092759525
application_1546092475409_0032,91500,0,1546092580774,1546092832776
application_1546092475409_0032,91500,0,1546092580774,1546092833776
application_1546092475409_0033,93500,0,1546092582775,1546092839775
application_1546092475409_0033,93500,0,1546092582775,1546092840776
application_1546092475409_0034,95500,0,1546092584775,1546092884775
application_1546092475409_0034,95500,0,1546092584775,1546092885777
application_1546092475409_0035,98750,0,1546092588025,1546092897024
application_1546092475409_0024,78250,0,1546092567526,1546092897527
application_1546092475409_0035,98750,0,1546092588025,1546092898024
application_1546092475409_0024,78250,0,1546092567526,1546092898526
application_1546092475409_0027,84250,0,1546092573526,1546092901524
application_1546092475409_0027,84250,0,1546092573526,1546092902525
application_1546092475409_0036,104750,0,1546092594025,1546092908025
application_1546092475409_0038,107500,0,1546092596775,1546092908776
application_1546092475409_0036,104750,0,1546092594025,1546092909026
application_1546092475409_0038,107500,0,1546092596775,1546092909776
application_1546092475409_0040,121250,0,1546092610525,1546092916526
application_1546092475409_0040,121250,0,1546092610525,1546092917526
application_1546092475409_0041,136750,0,1546092626025,1546092932027
application_1546092475409_0041,136750,0,1546092626025,1546092933027
application_1546092475409_0042,137500,0,1546092626775,1546092937775
application_1546092475409_0042,137500,0,1546092626775,1546092938776
application_1546092475409_0043,140000,0,1546092629275,1546092958275
application_1546092475409_0043,140000,0,1546092629275,1546092959276
application_1546092475409_0044,144000,0,1546092633274,1546092969277
application_1546092475409_0044,144000,0,1546092633274,1546092970278
application_1546092475409_0045,153250,0,1546092642525,1546093018525
application_1546092475409_0045,153250,0,1546092642525,1546093019526
application_1546092475409_0037,105000,0,1546092594277,1546093032276
application_1546092475409_0037,105000,0,1546092594277,1546093033279
application_1546092475409_0047,161500,0,1546092650774,1546093038775
application_1546092475409_0047,161500,0,1546092650774,1546093039775
application_1546092475409_0046,161250,0,1546092650526,1546093092525
application_1546092475409_0039,108750,0,1546092598025,1546093093024
application_1546092475409_0046,161250,0,1546092650526,1546093093525
application_1546092475409_0039,108750,0,1546092598025,1546093094026
application_1546092475409_0050,179250,0,1546092668525,1546093101525
application_1546092475409_0050,179250,0,1546092668525,1546093102525
application_1546092475409_0049,171000,0,1546092660274,1546093103276
application_1546092475409_0049,171000,0,1546092660274,1546093104276
application_1546092475409_0052,187750,0,1546092677026,1546093111026
application_1546092475409_0052,187750,0,1546092677026,1546093112026
application_1546092475409_0053,188000,0,1546092677275,1546093120276
application_1546092475409_0053,188000,0,1546092677275,1546093121276
application_1546092475409_0048,162000,0,1546092651274,1546093206275
application_1546092475409_0048,162000,0,1546092651274,1546093207278
application_1546092475409_0055,195000,0,1546092684275,1546093213275
application_1546092475409_0055,195000,0,1546092684275,1546093214277
application_1546092475409_0056,208250,0,1546092697525,1546093219527
application_1546092475409_0056,208250,0,1546092697525,1546093220524
application_1546092475409_0057,208500,0,1546092697774,1546093400775
application_1546092475409_0057,208500,0,1546092697774,1546093401778
application_1546092475409_0054,190000,0,1546092679274,1546093416277
application_1546092475409_0054,190000,0,1546092679274,1546093417276
application_1546092475409_0059,215250,0,1546092704526,1546093423525
application_1546092475409_0059,215250,0,1546092704526,1546093424526
application_1546092475409_0058,211500,0,1546092700775,1546093435774
application_1546092475409_0058,211500,0,1546092700775,1546093436777
application_1546092475409_0061,222500,0,1546092711775,1546093445775
application_1546092475409_0061,222500,0,1546092711775,1546093446777
application_1546092475409_0062,224500,0,1546092713774,1546093451775
application_1546092475409_0062,224500,0,1546092713774,1546093452776
application_1546092475409_0063,225500,0,1546092714775,1546093467775
application_1546092475409_0063,225500,0,1546092714775,1546093468776
application_1546092475409_0064,227000,0,1546092716275,1546093476274
application_1546092475409_0064,227000,0,1546092716275,1546093477275
application_1546092475409_0065,227250,0,1546092716525,1546093482526
application_1546092475409_0065,227250,0,1546092716525,1546093483526
application_1546092475409_0066,228500,0,1546092717775,1546093523774
application_1546092475409_0066,228500,0,1546092717775,1546093524778
application_1546092475409_0060,220250,0,1546092709525,1546093530525
application_1546092475409_0060,220250,0,1546092709525,1546093531531
application_1546092475409_0068,243750,0,1546092733026,1546093538028
application_1546092475409_0068,243750,0,1546092733026,1546093539027
application_1546092475409_0069,244250,0,1546092733525,1546093549527
application_1546092475409_0069,244250,0,1546092733525,1546093550547
application_1546092475409_0070,249000,0,1546092738275,1546093559276
application_1546092475409_0070,249000,0,1546092738275,1546093560277
application_1546092475409_0071,269500,0,1546092758775,1546093585775
application_1546092475409_0071,269500,0,1546092758775,1546093586776
application_1546092475409_0051,187750,0,1546092677025,1546093589027
application_1546092475409_0051,187750,0,1546092677025,1546093590026
application_1546092475409_0072,284250,0,1546092773524,1546093592526
application_1546092475409_0072,284250,0,1546092773524,1546093593526
application_1546092475409_0073,293250,0,1546092782525,1546093693525
application_1546092475409_0073,293250,0,1546092782525,1546093694526
application_1546092475409_0067,231250,0,1546092720525,1546093704526
application_1546092475409_0067,231250,0,1546092720525,1546093705526
application_1546092475409_0074,298250,0,1546092787525,1546093714526
